amfi_code,tracking_error
120505,0.2319675096004632
148569,0.21736518889258571
119598,0.2838814541332667
149324,0.27917030841826745
120843,0.20642496841144062
